Monthly Start Date,Total Nominal Return (%),"Inferred Regime ID (0=Low, 2=High)"
1885-04-21,-1.0576907058891565,1.0
1885-05-20,0.7123346993098039,1.0
1885-06-18,4.743213137557507,1.0
1885-07-17,5.989213293995615,1.0
1885-08-17,-1.7785356062586992,1.0
1885-09-15,8.291408238340168,1.0
1885-10-14,8.326785569500817,1.0
1885-11-13,-3.692797440289847,1.0
1885-12-15,1.608429270281184,1.0
1886-01-15,2.835111739443837,1.0
1886-02-15,-3.3793036146127147,1.0
1886-03-17,-0.6809676548305719,1.0
1886-04-15,-3.177540968165479,1.0
1886-05-17,5.379695640243212,1.0
1886-06-16,1.5671670070203128,0.0
1886-07-16,1.887744560641663,0.0
1886-08-16,2.615503609787796,0.0
1886-09-14,1.7527611798640188,0.0
1886-10-13,3.2818303520200462,0.0
1886-11-12,-0.8655857819741173,0.0
1886-12-14,-2.059940666277072,0.0
1887-01-12,1.3938349908548382,1.0
1887-02-10,0.12138978795755549,1.0
1887-03-14,3.09756949523801,1.0
1887-04-13,0.5198555466566774,0.0
1887-05-12,0.2903408258693349,0.0
1887-06-13,-4.98223176668776,0.0
1887-07-13,-2.2900962456128267,1.0
1887-08-11,1.326779304275003,1.0
1887-09-12,-6.010651814623413,1.0
1887-10-11,2.0068215113024785,1.0
1887-11-10,1.3786427428947405,1.0
1887-12-12,1.1392069341605424,1.0
1888-01-12,-1.180730353562593,0.0
1888-02-10,-1.332888032202188,0.0
1888-03-15,-2.3004934349984967,0.0
1888-04-16,3.6092797240298533,0.0
1888-05-15,-3.973634850938386,0.0
1888-06-14,6.186166583107059,0.0
1888-07-16,5.219358750293565,0.0
1888-08-14,1.8735991543681854,0.0
1888-09-13,-0.30487257753495955,0.0
1888-10-12,-1.0429658637272972,0.0
1888-11-13,-2.246250668508141,0.0
1888-12-14,4.157722529685161,0.0
1889-01-16,1.26128350836797,0.0
1889-02-14,-2.88789820336881,0.0
1889-03-18,2.079368779442434,0.0
1889-04-16,3.128649846914981,0.0
1889-05-21,2.7580414782096767,0.0
1889-06-20,-4.007857561660888,0.0
1889-07-22,3.63840189596343,0.0
1889-08-20,3.4502614969794387,0.0
1889-09-19,-1.650380788434896,0.0
1889-10-18,2.239723990623033,0.0
1889-11-19,-0.598466019175308,0.0
1889-12-19,0.26958731721678153,0.0
1890-01-21,-0.16276360330731487,0.0
1890-02-19,-0.4995303098396681,0.0
1890-03-20,1.5188909690326158,0.0
1890-04-21,8.205004999166556,0.0
1890-05-20,-2.8716731599459306,0.0
1890-06-19,0.2458522878256235,0.0
1890-07-21,-2.036643323166479,0.0
1890-08-19,-2.7166796207315285,0.0
1890-09-18,-5.23316265760971,1.0
1890-10-17,-10.621136808835162,1.0
1890-11-18,1.296431464773504,2.0
1890-12-18,6.633815318475598,2.0
1891-01-20,0.849975372418771,1.0
1891-02-18,-1.7559600480275221,0.0
1891-03-20,5.699983578636562,0.0
1891-04-21,-4.526777137751154,0.0
1891-05-20,1.3986979357244427,0.0
1891-06-18,-0.31240460196524156,0.0
1891-07-17,-1.381995935282108,0.0
1891-08-17,11.406876196500662,1.0
1891-09-16,-1.5060816598013402,1.0
1891-10-15,-0.32529193038245574,1.0
1891-11-16,1.8325756023521678,1.0
1891-12-16,3.3361839393343957,0.0
1892-01-18,3.948896149324037,0.0
1892-02-16,-0.22450716701809562,0.0
1892-03-17,-0.35670891380504155,0.0
1892-04-18,-1.948452444735444,0.0
1892-05-17,-0.4642976558041366,0.0
1892-06-16,-1.7025902510126623,0.0
1892-07-18,2.1842974488724987,0.0
1892-08-16,-4.47031662738356,0.0
1892-09-15,4.370129375323616,0.0
1892-10-17,-1.3623064962463607,0.0
1892-11-17,-3.2906393093190616,0.0
1892-12-19,4.013427794805087,0.0
1893-01-19,-2.669028220985576,0.0
1893-02-17,-6.70964704089441,0.0
1893-03-21,0.09746827696649296,1.0
1893-04-20,-4.900375869077392,1.0
1893-05-22,-4.952436800718602,1.0
1893-06-21,-11.509121647744523,1.0
1893-07-21,-7.033271729604945,2.0
1893-08-21,13.241836153867371,2.0
1893-09-20,-1.7119606081694028,1.0
1893-10-19,5.45472435462743,1.0
1893-11-20,-0.9072873620080805,1.0
1893-12-20,-0.1470070876616325,1.0
1894-01-22,0.16037926400329483,1.0
1894-02-20,5.28883889249279,0.0
1894-03-22,0.7725156978079066,0.0
1894-04-23,-6.5541662016419355,0.0
1894-05-22,1.2093540522979445,0.0
1894-06-21,-0.22865941149468233,0.0
1894-07-23,7.491111350752023,0.0
1894-08-21,-1.618938714580275,0.0
1894-09-20,-3.9562212762968763,0.0
1894-10-19,-0.2796463994306554,0.0
1894-11-20,-1.2632061031116024,0.0
1894-12-20,-0.7891711449003115,0.0
1895-01-22,-2.462791959185953,0.0
1895-02-20,3.2956464049122376,0.0
1895-03-22,6.018178112363041,0.0
1895-04-23,7.195197068722281,0.0
1895-05-22,1.9827077345035846,1.0
1895-06-21,0.7482827183300478,0.0
1895-07-23,2.8768866846668613,0.0
1895-08-21,1.6342659241900286,0.0
1895-09-20,-0.7859954873547813,1.0
1895-10-21,-5.773509560145632,1.0
1895-11-20,-3.365248592957767,1.0
1895-12-20,-7.222015927107273,2.0
1896-01-22,9.579175014785248,2.0
1896-02-21,-2.1555870498451153,1.0
1896-03-23,2.0180274703067393,1.0
1896-04-22,-2.5064267740192143,0.0
1896-05-21,-0.1944276314806881,0.0
1896-06-19,-16.093601523639936,1.0
1896-07-20,-2.6419707802272776,2.0
1896-08-18,3.904368985000339,2.0
1896-09-17,5.423043066069073,2.0
1896-10-16,14.973913157324667,1.0
1896-11-17,-5.890457345868378,1.0
1896-12-17,4.094103885057122,1.0
1897-01-19,-3.061070637639636,1.0
1897-02-18,2.325957670983248,1.0
1897-03-22,-7.263598631298571,1.0
1897-04-21,0.6359404797074046,1.0
1897-05-21,8.965487562087866,0.0
1897-06-22,6.54434231958415,0.0
1897-07-22,9.725346723828334,0.0
1897-08-20,6.783401122376775,0.0
1897-09-21,-7.0257293858106875,1.0
1897-10-20,-4.678219424660763,1.0
1897-11-19,4.696679708695551,1.0
1897-12-21,1.3417413646064391,1.0
1898-01-19,2.138280844441008,1.0
1898-02-17,-8.676657454506199,1.0
1898-03-21,-0.7567728925764721,2.0
1898-04-19,9.949516048643403,2.0
1898-05-19,3.9968410545530464,2.0
1898-06-20,-1.1852596285127166,1.0
1898-07-20,9.385903901848172,0.0
1898-08-18,-2.041966855335043,0.0
1898-09-19,-4.6772834174769296,0.0
1898-10-18,6.608666914437413,0.0
1898-11-17,5.146015073061427,0.0
1898-12-19,5.68786630802142,0.0
1899-01-19,6.035260260632355,0.0
1899-02-20,3.3549409629062508,1.0
1899-03-22,4.819915769295184,1.0
1899-04-21,-6.379794346951913,1.0
1899-05-22,-1.2415332950203763,1.0
1899-06-22,4.500137353547466,1.0
1899-07-25,2.2842144037089946,1.0
1899-08-23,-2.9879353491873273,1.0
1899-09-22,2.0168671144691626,1.0
1899-10-24,0.5810562647565033,1.0
1899-11-23,-16.87635684273477,1.0
1899-12-26,8.021875064946503,2.0
1900-01-25,0.5024311896035566,1.0
1900-02-27,3.857672334294632,0.0
1900-03-28,-1.1094093914664784,0.0
1900-04-27,-5.274898487673468,0.0
1900-05-28,-4.948746315317219,0.0
1900-06-27,4.7092772172517945,0.0
1900-07-27,1.4201143763930881,0.0
1900-08-27,-5.040341810055782,0.0
1900-09-26,9.936181684898278,0.0
1900-10-25,8.611897459051919,1.0
1900-11-26,7.535021106623236,1.0
1900-12-28,-0.3271358566693562,1.0
1901-01-29,1.8643618665145452,1.0
1901-03-01,6.419313652030693,1.0
1901-04-01,10.413386240496367,1.0
1901-05-01,-4.09769152919081,1.0
1901-05-31,4.907519299140027,2.0
1901-07-01,-7.288547109556806,1.0
1901-08-01,3.1352054656559174,1.0
1901-08-30,-4.215090149954671,1.0
1901-10-02,1.7423378449778393,1.0
1901-10-31,1.3250867550864016,0.0
1901-12-03,2.2537816553144525,0.0
1902-01-03,-0.5082891201799425,0.0
1902-02-03,-0.07278071331406366,0.0
1902-03-05,3.3768531126037677,0.0
1902-04-04,1.5266089410909733,0.0
1902-05-05,-0.055363079688040634,0.0
1902-06-04,0.9568509616067185,0.0
1902-07-03,3.7155951484444536,0.0
1902-08-04,1.8185405526777452,0.0
1902-09-03,-1.7729942027293604,0.0
1902-10-02,-2.494371869498535,1.0
1902-10-31,-2.875041735203173,1.0
1902-12-03,2.2727493087496287,1.0
1903-01-05,0.7906983817068463,1.0
1903-02-03,-4.54297657034164,0.0
1903-03-06,-2.280551608826858,0.0
1903-04-06,1.6516406271365784,0.0
1903-05-07,-7.302191314463576,1.0
1903-06-05,0.3717374009550372,1.0
1903-07-06,-8.474734139270815,1.0
1903-08-04,2.623034877680952,1.0
1903-09-02,-7.128123007109776,1.0
1903-10-02,0.3270942416934872,1.0
1903-11-02,2.1645920351308305,1.0
1903-12-03,3.254325346488801,0.0
1904-01-05,1.6034239468310811,0.0
1904-02-03,-3.5685634536626702,0.0
1904-03-07,3.395454178789291,0.0
1904-04-06,-0.28347117590633175,0.0
1904-05-05,-0.7969739196694003,0.0
1904-06-06,4.380726896356423,0.0
1904-07-06,3.8153727792055436,0.0
1904-08-04,4.238330764240821,0.0
1904-09-02,4.617823882237758,0.0
1904-10-04,5.127787809193179,0.0
1904-11-02,7.416376876238229,0.0
1904-12-05,-1.2185589030803976,0.0
1905-01-05,2.6014616138507396,1.0
1905-02-03,4.010146795818778,0.0
1905-03-08,2.859723654063399,0.0
1905-04-06,-5.394779495233105,0.0
1905-05-08,-2.723726363253367,1.0
1905-06-07,7.532382884664707,1.0
1905-07-07,2.459056027460697,0.0
1905-08-07,1.823737092937775,0.0
1905-09-06,1.4556036679423439,0.0
1905-10-05,1.187998044176622,0.0
1905-11-03,1.7327405195723817,0.0
1905-12-06,3.509133220936498,0.0
1906-01-08,1.5413673298206214,0.0
1906-02-06,-3.0593780445829215,0.0
1906-03-09,2.053419768967115,0.0
1906-04-09,-6.092171500156949,0.0
1906-05-08,4.842182912316233,1.0
1906-06-07,-4.982744312442723,1.0
1906-07-09,5.388233285130289,1.0
1906-08-07,3.4124226012553405,0.0
1906-09-06,0.331278101240457,0.0
1906-10-05,-1.1089734035053702,0.0
1906-11-05,1.974174174322658,0.0
1906-12-06,-1.633976033758976,0.0
1907-01-08,-7.093078674562469,1.0
1907-02-06,-7.634850900776783,1.0
1907-03-11,-0.4701433258990986,1.0
1907-04-09,-0.9537035456351504,2.0
1907-05-08,-6.040714219386485,1.0
1907-06-07,5.680839437801772,1.0
1907-07-09,-4.85671670680437,1.0
1907-08-07,-2.2706980327721635,1.0
1907-09-06,-3.625315955496108,1.0
1907-10-07,-13.61952046501994,1.0
1907-11-06,6.019256727862197,1.0
1907-12-06,1.3418083254760456,1.0
1908-01-08,-0.2060670918944425,1.0
1908-02-06,-1.3587564322238492,1.0
1908-03-09,6.34250918225753,1.0
1908-04-07,7.405470548514058,1.0
1908-05-07,1.6693960680146693,1.0
1908-06-05,0.3478465121980046,1.0
1908-07-06,7.872561398393022,1.0
1908-08-04,3.399301753810173,1.0
1908-09-02,-3.57342321961188,1.0
1908-10-02,4.3838349913343375,1.0
1908-11-02,5.7364962415611265,0.0
1908-12-03,1.6136137560222887,0.0
1909-01-05,-0.7931205163298701,0.0
1909-02-03,-1.5976361973048279,0.0
1909-03-08,5.913294556680356,1.0
1909-04-06,1.8047995405202437,0.0
1909-05-06,4.322929477197284,0.0
1909-06-07,-0.04743956029974347,0.0
1909-07-07,3.7452007585992395,0.0
1909-08-05,0.0645503784492667,0.0
1909-09-03,1.865336543018786,0.0
1909-10-05,-1.0607154705394048,0.0
1909-11-05,-1.8215492117278493,0.0
1909-12-07,1.9060725470435342,0.0
1910-01-05,-6.884847032608357,0.0
1910-02-03,2.721228894347612,0.0
1910-03-07,-0.9235349134812934,0.0
1910-04-06,-3.2704778613806713,0.0
1910-05-05,-2.9882841538134426,1.0
1910-06-06,-3.6026246787928455,1.0
1910-07-06,-1.1021181027802636,1.0
1910-08-04,1.6404420820560046,1.0
1910-09-02,3.7797356094369485,0.0
1910-10-04,3.34141250709143,0.0
1910-11-03,-3.9384637019034363,0.0
1910-12-06,2.4197129455941617,0.0
1911-01-06,4.01700026659501,0.0
1911-02-06,-2.4959201911456583,0.0
1911-03-09,1.7931358417104972,0.0
1911-04-07,0.4733537164610272,0.0
1911-05-09,4.417658716953428,0.0
1911-06-08,-0.24450309754616448,0.0
1911-07-10,-2.400443626247625,0.0
1911-08-08,-3.579641651999321,0.0
1911-09-07,-2.3390666828460174,0.0
1911-10-06,4.600641347714718,0.0
1911-11-08,-0.31141388102136325,0.0
1911-12-08,0.8470161124369116,0.0
1912-01-10,0.39582160456657267,0.0
1912-02-08,1.8557792160732145,0.0
1912-03-12,5.345492088322106,0.0
1912-04-11,-0.7195513272555102,0.0
1912-05-10,1.1102550188455569,0.0
1912-06-11,-1.3566637961472359,0.0
1912-07-11,3.2612269453856415,0.0
1912-08-09,0.25882902272119934,0.0
1912-09-10,2.977457632165612,0.0
1912-10-09,-1.3510825446744321,0.0
1912-11-08,-4.763587670908086,0.0
1912-12-10,2.1706590944132507,0.0
1913-01-10,-3.4354950405270572,0.0
1913-02-10,-3.86998094320906,0.0
1913-03-12,3.0478136202963273,0.0
1913-04-11,-3.124689013413539,0.0
1913-05-12,-7.1328287304427,0.0
1913-06-11,3.1764650949565514,0.0
1913-07-11,4.198007829427751,0.0
1913-08-11,0.9301588319602709,0.0
1913-09-10,-0.5835083373741433,0.0
1913-10-09,-3.5044344719643465,0.0
1913-11-11,1.7971596814129196,0.0
1913-12-11,2.2172461911639747,0.0
1914-01-13,3.1545663645591735,0.0
1914-02-11,-1.9352389713936171,0.0
1914-03-16,-0.581767413365797,0.0
1914-04-15,-0.3605584925995393,0.0
1914-05-14,1.7127687641035076,0.0
1914-06-12,-0.22278659064712586,0.0
1914-07-13,-10.430605802601738,0.0
1914-12-23,5.582033237390617,1.0
1915-01-25,-6.04080331980942,0.0
1915-02-25,7.0738892750223155,0.0
1915-03-26,9.734540200363908,0.0
1915-04-27,-5.2865859928020305,0.0
1915-05-26,3.8090459189323447,1.0
1915-06-25,1.4768274730452027,1.0
1915-07-27,4.673163145839229,1.0
1915-08-25,6.0073999523704735,1.0
1915-09-24,9.340086758784235,0.0
1915-10-26,2.999462679773865,0.0
1915-11-26,0.5931912234137264,0.0
1915-12-27,-3.830703073518307,0.0
1916-01-26,-1.4740794382529803,0.0
1916-02-25,1.6111762869309434,0.0
1916-03-27,-3.981015769773045,0.0
1916-04-26,6.302229070219939,0.0
1916-05-25,-2.2938748448656643,0.0
1916-06-26,-0.15285441635428917,0.0
1916-07-26,4.2967185918884505,0.0
1916-08-24,4.604773387166292,0.0
1916-09-25,3.410887337609818,0.0
1916-10-25,0.2011420637863438,0.0
1916-11-24,-5.607056253681493,0.0
1916-12-27,0.3760306314868519,1.0
1917-01-26,-5.024242422389665,1.0
1917-02-28,4.435004904578542,1.0
1917-03-29,-3.2918896289971653,1.0
1917-04-30,1.432655795585208,1.0
1917-05-29,-0.14393854047508958,1.0
1917-06-29,-2.3076464593039483,0.0
1917-07-31,-4.479793142666634,0.0
1917-08-29,-1.4426038813131687,0.0
1917-09-28,-8.58187560358314,1.0
1917-10-30,-4.215319454614752,1.0
1917-11-30,3.8577106380920743,2.0
1918-01-02,4.942571060442423,2.0
1918-02-01,0.253510696451012,1.0
1918-03-08,-1.2814394965675537,0.0
1918-04-09,2.9786989449415455,0.0
1918-05-08,0.9742493447589111,0.0
1918-06-07,2.67791418507209,0.0
1918-07-09,-0.4851896883488155,0.0
1918-08-07,4.394378995268238,0.0
1918-09-06,0.34146104634963986,0.0
1918-10-08,4.808630322694001,0.0
1918-11-07,-2.9100690010315597,1.0
1918-12-10,-1.8223183659536666,1.0
1919-01-10,-3.0407083534703885,0.0
1919-02-10,8.021609716393648,0.0
1919-03-12,0.7757298651929105,0.0
1919-04-11,7.181343431074108,0.0
1919-05-14,3.9960259726685523,0.0
1919-06-13,4.043078361389946,1.0
1919-07-15,-6.650148418840904,1.0
1919-08-13,0.6880561071148557,1.0
1919-09-15,4.141804017418217,1.0
1919-10-15,-1.6268049447611856,1.0
1919-11-14,-5.427927904847455,1.0
1919-12-16,0.07660078036020934,1.0
1920-01-16,-8.94648048573622,1.0
1920-02-17,10.652415244940148,1.0
1920-03-18,0.5487374180087321,1.0
1920-04-19,-8.98099543213218,1.0
1920-05-18,-0.1191410978857681,1.0
1920-06-17,0.5524561715287507,1.0
1920-07-19,-1.7390279235132347,1.0
1920-08-17,4.858533113064998,1.0
1920-09-16,2.8077526871744736,1.0
1920-10-18,-7.86639993931533,1.0
1920-11-17,-7.877150536987687,1.0
1920-12-17,6.004771492658316,1.0
1921-01-17,-0.1968431270099853,1.0
1921-02-15,-2.0258725952569687,1.0
1921-03-17,0.26482101313326867,1.0
1921-04-18,3.257736807640257,1.0
1921-05-17,-7.657385565646169,1.0
1921-06-16,-0.22252278340042875,1.0
1921-07-18,0.8379890512253464,1.0
1921-08-16,5.818192122115436,1.0
1921-09-15,-1.9576283745195737,1.0
1921-10-17,6.765132023994607,0.0
1921-11-17,3.1439964829276055,0.0
1921-12-19,2.8131376860422526,0.0
1922-01-19,1.922529523926039,0.0
1922-02-20,4.723179135229767,0.0
1922-03-22,5.6679740601221615,0.0
1922-04-21,2.074010383654014,0.0
1922-05-22,-1.585317791312817,0.0
1922-06-21,4.337722718283385,0.0
1922-07-21,3.524885864387024,0.0
1922-08-21,2.212988247040051,0.0
1922-09-20,1.0349051468135342,0.0
1922-10-20,-5.833376970414631,0.0
1922-11-21,0.3914244972097881,1.0
1922-12-21,0.7685095542723686,1.0
1923-01-23,6.621226360000139,0.0
1923-02-23,-0.19772291868098013,0.0
1923-03-26,-2.1874579971886967,0.0
1923-04-25,-6.613951235642378,0.0
1923-05-24,1.0923771098849169,1.0
1923-06-25,-3.186485046733157,1.0
1923-07-25,1.1916155818291965,1.0
1923-08-27,-2.17793492908861,1.0
1923-09-26,-0.7357084175240235,0.0
1923-10-26,6.4809230468385275,0.0
1923-11-27,0.7233859392047088,0.0
1923-12-28,4.27368827862032,0.0
1924-01-29,-0.7268572623005316,0.0
1924-02-29,-2.6987568049600297,0.0
1924-03-31,-0.6647944145050514,0.0
1924-04-30,1.0991051975629884,0.0
1924-05-29,5.519741478006927,0.0
1924-06-30,5.484266294627881,0.0
1924-07-30,1.5792174785576016,0.0
1924-08-28,1.0981874636805284,0.0
1924-09-29,-1.0065638405071329,0.0
1924-10-29,8.348285688204477,0.0
1924-12-01,4.333711704525285,0.0
1924-12-31,2.8883876455264335,0.0
1925-01-30,2.745599126256128,0.0
1925-03-04,-5.820854339908469,1.0
1925-04-02,2.896197820035028,1.0
1925-05-04,5.369377469546703,0.0
1925-06-02,0.6961357797593308,0.0
1925-07-01,2.2891693780490816,0.0
1925-07-30,4.808066624318803,0.0
1925-08-28,1.422157631948907,0.0
1925-09-29,5.395155327969877,0.0
1925-10-29,-0.0691609138144974,0.0
1925-12-01,4.093121885005566,1.0
1925-12-31,0.5149991438366285,1.0
1926-02-01,-7.641571350884102,1.0
1926-03-04,-0.33568843287360806,1.0
1926-04-05,0.9224137061222255,1.0
1926-05-04,2.856137299347347,1.0
1926-06-03,6.033075303734358,0.0
1926-07-02,4.304023237088222,0.0
1926-08-03,2.3563956014007132,0.0
1926-09-01,-1.2413652313890373,0.0
1926-10-01,-3.6013070376274787,0.0
1926-11-03,3.134477033453105,1.0
1926-12-03,1.1953404989762682,0.0
1927-01-03,0.14372799750806364,0.0
1927-02-01,3.010802790556375,0.0
1927-03-03,2.4318991954053972,0.0
1927-04-01,2.1860237790192274,0.0
1927-05-03,5.089893057760083,0.0
1927-06-02,-2.106783216139755,0.0
1927-07-05,8.736486945753773,0.0
1927-08-03,0.32236521071320506,0.0
1927-09-01,3.7104224154482335,0.0
1927-10-03,-6.845229000811389,0.0
1927-11-02,7.598554246162154,0.0
1927-12-05,1.4104730789424487,0.0
1928-01-05,-0.09590539454167579,0.0
1928-02-03,0.6346563539402814,0.0
1928-03-07,7.557170984745886,0.0
1928-04-05,6.706699533141872,1.0
1928-05-07,-1.5824829018412871,1.0
1928-06-06,-1.5014600488949459,1.0
1928-07-06,-0.281774143282842,1.0
1928-08-06,8.253466384747613,1.0
1928-09-05,1.3452572732998205,1.0
1928-10-04,3.843665455861196,1.0
1928-11-05,8.395694683476561,1.0
1928-12-06,2.1832210489944215,1.0
1929-01-08,6.149444032836709,1.0
1929-02-06,-1.1658739591213185,1.0
1929-03-11,-2.4340242308750986,1.0
1929-04-10,6.370567414636704,1.0
1929-05-09,-2.213372003897367,1.0
1929-06-10,10.475690168147754,1.0
1929-07-10,3.2302234508943375,1.0
1929-08-08,9.076600224553616,1.0
1929-09-09,-4.2090767409344485,1.0
1929-10-08,-34.92753735517188,2.0
1929-11-08,5.7967264193292545,2.0
1929-12-11,-4.165188642906774,2.0
1930-01-13,7.371281529502514,2.0
1930-02-11,1.8003128843898375,1.0
1930-03-13,10.260051476073825,1.0
1930-04-11,-6.970426424151287,1.0
1930-05-13,-7.758986439976653,2.0
1930-06-12,-7.268588971375935,2.0
1930-07-14,-0.3336605281985041,2.0
1930-08-12,7.236046981867926,2.0
1930-09-11,-20.806320156684944,2.0
1930-10-10,-10.688438972960569,2.0
1930-11-12,-0.9897832223879206,2.0
1930-12-12,1.1468504568859705,2.0
1931-01-14,10.282399433062652,2.0
1931-02-13,3.1690258118350565,2.0
1931-03-17,-8.985365527298757,2.0
1931-04-16,-9.374630515351633,2.0
1931-05-15,-5.869597006172744,2.0
1931-06-15,3.9590073732882596,2.0
1931-07-14,-1.2171424589162823,2.0
1931-08-12,-9.686408060641359,2.0
1931-09-11,-17.21407627153766,2.0
1931-10-13,5.770510092805168,2.0
1931-11-12,-27.85066935234586,2.0
1931-12-14,6.511786917795337,2.0
1932-01-14,-7.4833091852693965,2.0
1932-02-15,2.8038343131384114,2.0
1932-03-16,-27.83928044195623,2.0
1932-04-15,-10.174043954264103,2.0
1932-05-16,-11.523110366920733,2.0
1932-06-15,-2.284155440865729,2.0
1932-07-15,38.29247180923595,2.0
1932-08-15,11.235497460657491,2.0
1932-09-14,-15.00048712575363,2.0
1932-10-14,11.301157374155007,2.0
1932-11-15,-3.627473783139814,2.0
1932-12-15,-0.22028725939779292,2.0
1933-01-17,-10.959132997787664,2.0
1933-02-16,-0.6422878833030181,2.0
1933-03-29,21.94142617662187,2.0
1933-04-28,19.5841905724579,2.0
1933-05-29,16.491453309107463,2.0
1933-06-28,-2.4271479192107615,2.0
1933-07-28,5.7616830987151095,2.0
1933-08-28,-11.004203272694793,2.0
1933-09-27,-6.060185786434434,2.0
1933-10-27,2.9802774429855186,2.0
1933-11-28,3.3645295413621845,2.0
1933-12-29,11.670467154363596,2.0
1934-01-30,-3.912851740724228,2.0
1934-03-02,0.710437088800153,2.0
1934-04-03,-2.4677594506822684,2.0
1934-05-02,-8.042624610565206,2.0
1934-06-01,2.371590976698369,2.0
1934-07-02,-11.819124374525371,2.0
1934-08-01,6.800997218165174,2.0
1934-08-30,-1.5150662197824631,2.0
1934-10-01,-2.8039438950364657,2.0
1934-10-31,7.187015941194515,1.0
1934-12-04,1.7323730976353153,1.0
1935-01-04,-4.6951853117134785,1.0
1935-02-04,-6.319449012694997,1.0
1935-03-07,1.8783550948545673,1.0
1935-04-05,9.766070895674567,1.0
1935-05-07,5.357044671009847,1.0
1935-06-06,5.799172600177319,1.0
1935-07-08,7.06110030991098,1.0
1935-08-06,1.737045855144563,1.0
1935-09-05,-0.5405635035455345,1.0
1935-10-04,11.683208272186965,1.0
1935-11-04,4.758819897578533,1.0
1935-12-06,3.6670198098083637,1.0
1936-01-08,5.683822194215022,1.0
1936-02-06,5.2459045915049884,1.0
1936-03-09,2.992164309499292,1.0
1936-04-07,-8.599908715248294,1.0
1936-05-07,-0.0020247425151751486,1.0
1936-06-05,6.4060598555327575,1.0
1936-07-06,6.098641470954587,1.0
1936-08-04,0.5998541008547736,1.0
1936-09-02,0.9948483031523353,1.0
1936-10-02,7.296722603326282,1.0
1936-11-04,-0.4228370928334075,1.0
1936-12-07,0.8747257522364752,1.0
1937-01-07,6.330611311877717,1.0
1937-02-05,2.4310445489842802,1.0
1937-03-10,-8.280459050712047,1.0
1937-04-09,-1.5326552388633392,1.0
1937-05-10,-2.346077167120921,1.0
1937-06-09,1.7411087047506406,1.0
1937-07-09,2.9011605694179488,1.0
1937-08-09,-13.442296231225221,1.0
1937-09-08,-10.468704271189226,1.0
1937-10-07,-15.886284512738087,2.0
1937-11-09,1.6526832490092134,2.0
1937-12-10,1.5877784683921448,2.0
1938-01-10,-6.4560802070935495,2.0
1938-02-08,3.5065123193279035,2.0
1938-03-10,-16.176496011221243,2.0
1938-04-08,15.013740860984386,2.0
1938-05-10,-8.061854519023093,2.0
1938-06-09,20.317595996136358,2.0
1938-07-11,6.875526362029639,2.0
1938-08-09,-2.4898565893997198,2.0
1938-09-08,3.5127381510547484,2.0
1938-10-07,4.973588079600806,2.0
1938-11-09,-8.209700490964789,1.0
1938-12-12,2.3796417024997174,1.0
1939-01-12,-1.7120003970901039,1.0
1939-02-10,5.688576500349073,2.0
1939-03-15,-17.74343220239773,2.0
1939-04-14,4.426004307385721,2.0
1939-05-15,3.8143795979608557,1.0
1939-06-14,0.7864623153368926,1.0
1939-07-14,-0.5431205778502906,1.0
1939-08-14,13.130988691157809,1.0
1939-09-13,-2.0869361852561914,2.0
1939-10-13,-0.9718847376647595,1.0
1939-11-14,-1.6157057197139608,1.0
1939-12-14,-2.040423417355239,1.0
1940-01-16,2.197576548669037,0.0
1940-02-15,-1.2432115373168995,0.0
1940-03-18,1.2507270143139122,0.0
1940-04-17,-14.956407057212555,1.0
1940-05-16,-3.55807100883906,2.0
1940-06-17,1.873701581591127,2.0
1940-07-17,-1.5575665363943711,1.0
1940-08-15,4.169194365727799,1.0
1940-09-16,2.6131805905245256,1.0
1940-10-15,7.511565519910184,1.0
1940-11-15,-5.816824928114533,1.0
1940-12-17,0.24784179614558743,1.0
1941-01-17,-8.140021186850962,1.0
1941-02-18,4.818891352759993,1.0
1941-03-19,-4.578886522586776,1.0
1941-04-18,-1.1366035523731801,0.0
1941-05-19,6.333794109527822,0.0
1941-06-18,3.5507225329388845,0.0
1941-07-18,-1.5048206441867202,0.0
1941-08-18,2.808168424011596,0.0
1941-09-17,-6.500962989921856,0.0
1941-10-17,-2.6259249863996503,0.0
1941-11-19,-7.743672012997813,1.0
1941-12-19,5.817758294420345,1.0
1942-01-21,-4.36098929947317,1.0
1942-02-20,-3.467632998951054,1.0
1942-03-24,-3.6189166151458205,1.0
1942-04-23,3.7461400121268156,1.0
1942-05-22,5.3639559775636565,1.0
1942-06-22,4.236121618960038,1.0
1942-07-21,-0.07445509542512307,1.0
1942-08-19,-1.455029935058458,0.0
1942-09-18,9.085476401275038,0.0
1942-10-20,1.0534629537714295,0.0
1942-11-20,3.610480471209649,0.0
1942-12-22,5.58408970466253,0.0
1943-01-22,6.758952586933756,0.0
1943-02-24,1.8010450836861058,0.0
1943-03-25,5.065634525334235,0.0
1943-04-26,3.909940937044509,1.0
1943-05-25,0.6820680379939379,1.0
1943-06-24,5.216147957246618,1.0
1943-07-26,-7.3945908604655015,1.0
1943-08-24,5.303115398714382,1.0
1943-09-23,-2.126249109152284,0.0
1943-10-25,-5.031471655540974,0.0
1943-11-26,3.7380983384708872,0.0
1943-12-27,2.8543244888819075,0.0
1944-01-25,0.22177566638093982,0.0
1944-02-24,2.448386995926379,0.0
1944-03-24,-2.979020720582313,0.0
1944-04-25,4.768871911787231,0.0
1944-05-24,6.419586601886141,0.0
1944-06-23,-1.5582995074045087,0.0
1944-07-25,1.6379796313548933,0.0
1944-08-23,-1.8817472840873164,0.0
1944-09-22,1.8962230801751854,0.0
1944-10-24,0.6334167857231356,0.0
1944-11-24,2.7519676567393994,0.0
1944-12-26,1.4573347580376639,0.0
1945-01-25,6.553335554680818,0.0
1945-02-27,-4.02551079431199,0.0
1945-03-28,8.81911974723156,0.0
1945-04-27,1.5094242563614546,0.0
1945-05-28,4.197061829234285,0.0
1945-06-27,-6.499673178089127,0.0
1945-07-27,6.463398980931685,1.0
1945-08-29,3.630139985666609,1.0
1945-09-28,3.4830819272237394,1.0
1945-10-30,5.287909290433402,1.0
1945-12-03,0.8559398543451211,1.0
1946-01-04,8.037560059780885,1.0
1946-02-04,-7.606132897522957,1.0
1946-03-07,8.168176966286376,1.0
1946-04-05,-1.3605415513451753,1.0
1946-05-07,3.361638952743007,1.0
1946-06-06,-1.7785339422068973,1.0
1946-07-08,-2.7122678243616933,1.0
1946-08-06,-14.502886036105272,1.0
1946-09-05,-2.8232918670276543,2.0
1946-10-04,1.050533260138401,2.0
1946-11-04,-2.411612516937401,2.0
1946-12-06,4.928982383779759,1.0
1947-01-08,4.282769198169897,1.0
1947-02-06,-4.3876956989705915,1.0
1947-03-10,-1.6628418826257714,1.0
1947-04-09,-0.41933163409797847,1.0
1947-05-08,-0.6246055869350037,1.0
1947-06-09,8.092708155285797,1.0
1947-07-09,-0.08371235633049778,1.0
1947-08-07,-3.1297962733260962,1.0
1947-09-08,1.5871506927253198,0.0
1947-10-07,0.9555558732893933,0.0
1947-11-07,-2.8367745173140624,0.0
1947-12-10,3.2330518669215653,0.0
1948-01-12,-5.67756717983175,0.0
1948-02-10,-1.6993088534594276,0.0
1948-03-12,9.378366157238771,0.0
1948-04-13,4.259374078994984,0.0
1948-05-12,6.80495380160804,0.0
1948-06-11,0.20262888520421307,0.0
1948-07-13,-6.7024620916691715,0.0
1948-08-11,0.7158043531823439,1.0
1948-09-10,1.124531446101277,1.0
1948-10-11,-5.08267791188914,1.0
1948-11-12,2.8440819403049815,1.0
1948-12-14,1.7330918206626316,0.0
1949-01-12,-4.131752043261926,0.0
1949-02-10,2.1817762411856725,0.0
1949-03-14,0.4639552812071152,0.0
1949-04-12,-0.2573269244966172,0.0
1949-05-12,-6.44849210254175,0.0
1949-06-13,6.0723978965196945,0.0
1949-07-13,5.8363856865945225,0.0
1949-08-11,0.06714741905024833,0.0
1949-09-12,3.498200668066026,0.0
1949-10-11,2.802807876612237,0.0
1949-11-14,3.8473349026914025,0.0
1949-12-14,0.851229464880873,0.0
1950-01-16,2.907764419804791,0.0
1950-02-15,3.0502236168854773,0.0
1950-03-17,2.8255011427971164,0.0
1950-04-18,3.6633595636096077,0.0
1950-05-17,3.1705745523737594,0.0
1950-06-16,-12.08595486544776,0.0
1950-07-18,9.840154653730718,1.0
1950-08-16,5.027204229192525,1.0
1950-09-15,3.6545044221679914,1.0
1950-10-17,1.490085719234644,1.0
1950-11-16,-1.4827432301803207,1.0
1950-12-18,11.434804399833348,1.0
1951-01-18,3.185920138063054,0.0
1951-02-19,-2.186462320885399,0.0
1951-03-21,2.9489481214640434,0.0
1951-04-20,-1.8454976871883557,0.0
1951-05-21,2.867148137318676,0.0
1951-06-20,-0.48110039481535716,0.0
1951-07-20,5.217409625334717,0.0
1951-08-20,3.086750796380731,0.0
1951-09-19,0.9317824539118332,0.0
1951-10-19,-3.5794560914811693,0.0
1951-11-21,4.441012691234743,0.0
1951-12-21,5.036969822452414,0.0
1952-01-23,-5.708412485944612,0.0
1952-02-25,3.7550379393197333,0.0
1952-03-25,-1.3269600825653765,0.0
1952-04-24,2.3612365862486855,0.0
1952-05-23,3.185359750187449,0.0
1952-06-24,2.5330266815381366,0.0
1952-07-24,-0.19803053475961466,0.0
1952-08-22,-1.230876831366985,0.0
1952-09-23,-2.682411862703728,0.0
1952-10-23,7.08740452137221,0.0
1952-11-25,3.5517650026697325,0.0
1952-12-26,-0.2488369262769117,0.0
1953-01-27,0.2092525897064782,0.0
1953-02-27,0.6219775787595143,0.0
1953-03-30,-5.264179231562241,0.0
1953-04-29,1.0296398545207988,0.0
1953-05-28,-1.2831926800331914,0.0
1953-06-26,0.4900867882627565,0.0
1953-07-27,-0.2514011601417375,0.0
1953-08-25,-3.2256616171531154,0.0
1953-09-24,5.315793601229865,0.0
1953-10-26,1.2941347411564035,0.0
1953-11-27,1.3259845213519514,0.0
1953-12-29,5.6175155488588535,0.0
1954-01-28,1.0247987893958719,0.0
1954-03-01,2.386632327464932,0.0
1954-03-30,4.5067926725602865,0.0
1954-04-29,4.9611328915695125,0.0
1954-05-28,1.19147318874691,0.0
1954-06-29,4.622680166801987,0.0
1954-07-29,0.24887383870867777,0.0
1954-08-27,6.531195166043119,0.0
1954-09-28,-1.30483377131982,0.0
1954-10-27,8.283897360667062,0.0
1954-11-29,2.946494488341871,0.0
1954-12-29,1.8256611074470068,0.0
1955-01-27,2.064159568551233,1.0
1955-02-28,1.078388993759196,1.0
1955-03-29,3.761720467983382,1.0
1955-04-28,-0.3314097416495534,0.0
1955-05-27,8.22806540483415,0.0
1955-06-28,6.768102815639012,0.0
1955-07-28,-1.9729030814001394,1.0
1955-08-26,-0.19706819979190904,1.0
1955-09-27,0.4527939953617278,1.0
1955-10-26,7.2516897539054215,1.0
1955-11-28,-0.6282248466848616,1.0
1955-12-28,-3.5844577708678798,0.0
1956-01-27,4.424545453274958,0.0
1956-02-28,6.656921429770052,0.0
1956-03-28,-1.2577114252378183,0.0
1956-04-27,-5.856485770707757,0.0
1956-05-28,4.862074910652918,0.0
1956-06-27,5.95024597262086,0.0
1956-07-27,-2.9099555523160547,0.0
1956-08-27,-4.445242862020264,0.0
1956-09-26,0.6956806240476117,0.0
1956-10-25,-2.0174597580498643,0.0
1956-11-27,3.5304780366524877,0.0
1956-12-28,-3.688918807472959,0.0
1957-01-29,-2.032576132670494,0.0
1957-02-28,2.109590218823575,0.0
1957-03-29,3.7583788400408054,0.0
1957-04-30,2.37548243656266,0.0
1957-05-29,1.4916015500693103,0.0
1957-06-28,1.6481331703764488,0.0
1957-07-30,-6.852598518145001,0.0
1957-08-28,-4.389079628551237,1.0
1957-09-27,-4.390720711922301,1.0
1957-10-28,-0.8619296333791322,1.0
1957-11-27,-0.3996570621760654,1.0
1957-12-30,4.909799128222657,0.0
1958-01-29,-1.3399806909090577,0.0
1958-02-27,3.3366230000731067,0.0
1958-03-28,2.788088096510149,0.0
1958-04-29,1.6297803701081546,0.0
1958-05-28,2.660804535461493,0.0
1958-06-27,5.287040657318097,0.0
1958-07-29,1.8344072318148543,0.0
1958-08-27,3.6723399765500933,0.0
1958-09-26,2.7756688858971255,0.0
1958-10-27,0.7150648233742111,0.0
1958-11-26,7.2802039767593305,0.0
1958-12-30,1.0615523409865804,0.0
1959-01-29,0.7459140397436717,0.0
1959-03-02,0.3186804891893108,0.0
1959-04-01,4.2282704176692665,0.0
1959-04-30,1.4513303213452613,0.0
1959-05-29,-0.4489269193810065,0.0
1959-06-29,4.172152341229372,0.0
1959-07-29,-1.8661703604356372,0.0
1959-08-27,-3.7790481836059904,0.0
1959-09-28,0.6537068574413715,0.0
1959-10-27,1.1522283630644656,0.0
1959-11-27,2.9125649923499264,0.0
1959-12-29,-3.5531130594951215,0.0
1960-01-28,-0.6347326541364233,0.0
1960-02-29,-0.1890789915892388,0.0
1960-03-29,-1.2015319021741973,0.0
1960-04-28,1.4774793508609159,0.0
1960-05-27,3.093425071725913,0.0
1960-06-28,-5.422438302361384,0.0
1960-07-28,6.675690169762161,0.0
1960-08-26,-8.26356750138833,0.0
1960-09-27,-1.1310873284501965,0.0
1960-10-26,7.327305105165765,0.0
1960-11-28,2.7336469545137456,0.0
1960-12-28,5.566229738782541,0.0
1961-01-27,4.615252312842532,0.0
1961-02-28,1.9561277860166877,0.0
1961-03-29,1.8971538473203706,0.0
1961-04-28,1.6969991125996948,0.0
1961-05-31,-2.5835802266564025,0.0
1961-06-29,3.4330903027480875,0.0
1961-07-31,1.6714707533111755,0.0
1961-08-29,-1.6086622580057934,0.0
1961-09-28,3.2116011551414845,0.0
1961-10-27,4.928271223057476,0.0
1961-11-29,0.17007387518531591,0.0
1961-12-29,-5.128624016448716,0.0
1962-01-30,3.263372106429587,0.0
1962-03-01,0.31161003032236595,0.0
1962-03-30,-6.807216567366189,0.0
1962-05-01,-11.309219500966648,0.0
1962-05-31,-6.215030172125618,2.0
1962-06-29,6.320967074018559,2.0
1962-07-31,1.8678105491968287,1.0
1962-08-29,-5.024323619268821,1.0
1962-09-28,-1.863275452737665,1.0
1962-10-29,13.278105404127366,1.0
1962-11-29,1.6525843203255728,0.0
1962-12-31,5.403669432803065,0.0
1963-01-30,-2.6073377822689308,0.0
1963-03-01,3.757694955570113,0.0
1963-04-01,4.963187826951389,0.0
1963-05-01,0.9821266488461238,0.0
1963-05-31,-1.152084439438975,0.0
1963-07-01,0.025633982796091637,0.0
1963-07-31,4.157768176362255,0.0
1963-08-29,0.33825638612275605,0.0
1963-09-30,3.5059280259558316,0.0
1963-10-29,-1.3794606075278395,0.0
1963-12-02,2.698143817682746,1.0
1964-01-02,2.506034395672476,0.0
1964-01-31,1.9234477028199024,0.0
1964-03-03,1.8660550634984063,0.0
1964-04-02,0.5169380657646605,0.0
1964-05-01,1.0493248725639597,0.0
1964-06-02,2.1666313483729516,0.0
1964-07-01,1.8987617711887053,0.0
1964-07-31,-1.1259568286613109,0.0
1964-08-31,2.9182502856760806,0.0
1964-09-30,0.8166218930130322,0.0
1964-10-29,-0.033636160621745126,0.0
1964-12-01,0.14167221331738056,0.0
1964-12-31,4.066113147398965,0.0
1965-02-01,0.09303220552769648,0.0
1965-03-03,-1.1667104592223652,0.0
1965-04-01,3.599197366393458,0.0
1965-05-03,-0.2008561924147062,0.0
1965-06-02,-5.075890407062598,0.0
1965-07-01,1.5484109953411513,0.0
1965-08-02,2.4758788230413926,0.0
1965-08-31,3.3849644156737284,0.0
1965-09-30,2.6834745997168667,0.0
1965-10-29,-0.3666621071233469,0.0
1965-12-01,0.9123331749329348,0.0
1965-12-31,1.470879178158365,0.0
1966-01-31,-3.246232150537491,0.0
1966-03-02,-1.145555282680669,0.0
1966-03-31,2.7823410341192845,0.0
1966-05-02,-5.282753317892347,0.0
1966-06-01,-1.240989834700857,0.0
1966-06-30,-1.2507390558974976,0.0
1966-08-01,-11.16846237851648,0.0
1966-08-30,3.633515443369488,1.0
1966-09-29,4.278771844565577,1.0
1966-10-28,0.5509800444555195,1.0
1966-11-30,0.24148900527256367,0.0
1966-12-30,7.839544441573888,0.0
1967-01-31,1.4742181044372422,0.0
1967-03-02,3.086353032992357,0.0
1967-04-03,4.193374494919675,0.0
1967-05-02,-4.932533446820256,0.0
1967-06-01,2.1763469908086734,0.0
1967-06-30,4.420317241544451,0.0
1967-08-01,-1.7614015046910299,0.0
1967-08-30,4.334178756703366,0.0
1967-09-29,-1.6396088457585503,0.0
1967-10-30,-0.24768468733489846,0.0
1967-11-30,2.360080622299401,0.0
1968-01-02,-3.4679435211099157,0.0
1968-01-31,-3.8143703892816525,0.0
1968-03-04,3.9983371958437663,0.0
1968-04-02,6.6246417963898905,0.0
1968-05-03,1.6361968939191365,0.0
1968-06-04,2.4471275634577125,0.0
1968-07-11,-3.8656685079900925,0.0
1968-08-16,3.8447789975924684,0.0
1968-09-23,2.4931142517289433,0.0
1968-10-29,4.176930364341675,0.0
1968-12-05,-6.622204665145299,0.0
1969-01-09,2.9639533221635057,0.0
1969-02-07,-3.844422982123745,0.0
1969-03-12,2.575478393686412,0.0
1969-04-14,3.374432788578278,0.0
1969-05-13,-5.449304347609113,0.0
1969-06-12,-3.1116764263608303,0.0
1969-07-14,-3.0755377451448163,0.0
1969-08-13,1.9420266270944408,0.0
1969-09-12,-0.4408821748407922,0.0
1969-10-13,5.23252094267685,0.0
1969-11-11,-7.985678978722515,0.0
1969-12-11,1.6448885345596713,0.0
1970-01-13,-5.943447085011936,0.0
1970-02-11,2.875823457257352,0.0
1970-03-13,-0.4808561946769686,0.0
1970-04-14,-11.4975068443381,0.0
1970-05-13,-2.7432034978030453,1.0
1970-06-11,-1.0729304211191524,1.0
1970-07-13,2.6260939692141108,1.0
1970-08-11,8.534607583150352,0.0
1970-09-10,4.032799607194765,0.0
1970-10-09,-1.7324527710194553,0.0
1970-11-09,6.295511749215447,0.0
1970-12-09,3.280946497482507,0.0
1971-01-11,5.830452202468353,0.0
1971-02-09,2.157426380936655,0.0
1971-03-11,3.0162990940135614,0.0
1971-04-12,0.49760105496505785,0.0
1971-05-11,-1.7861501989199577,0.0
1971-06-10,0.6248250647614371,0.0
1971-07-12,-7.1186391321667,0.0
1971-08-10,8.213113696100192,0.0
1971-09-09,-1.0687143244134976,0.0
1971-10-08,-5.452714920864941,0.0
1971-11-08,2.7580105733817835,0.0
1971-12-08,6.86371840869489,0.0
1972-01-07,1.5602213487237895,0.0
1972-02-07,3.9923727662096047,0.0
1972-03-08,0.8463338365082258,0.0
1972-04-07,-2.4457271728147734,0.0
1972-05-08,1.6947882128453156,0.0
1972-06-07,0.9756382698183674,0.0
1972-07-07,1.4751167164808345,0.0
1972-08-07,0.9273971713112321,0.0
1972-09-06,-0.7919413187456394,0.0
1972-10-05,3.0454610821948567,0.0
1972-11-03,3.982990967273219,0.0
1972-12-06,2.144029683868883,0.0
1973-01-09,-5.029715308147231,0.0
1973-02-08,0.37727813732343907,0.0
1973-03-12,-2.372329238295168,0.0
1973-04-10,-0.1383264172041937,1.0
1973-05-10,-2.874646512350257,1.0
1973-06-11,-3.1076680372371355,1.0
1973-07-11,2.1565370556775862,1.0
1973-08-09,-0.5291947139344013,0.0
1973-09-10,5.318126663413029,0.0
1973-10-09,-4.604218451049551,0.0
1973-11-07,-10.213396320857964,1.0
1973-12-07,2.113409548657422,1.0
1974-01-09,-2.6496018530454664,1.0
1974-02-07,5.054684978311999,1.0
1974-03-11,-5.783768071315567,1.0
1974-04-09,-0.13429060079303168,1.0
1974-05-09,1.2686305968310085,1.0
1974-06-10,-12.380354116127812,1.0
1974-07-10,1.7633488415161511,1.0
1974-08-08,-14.127373135472862,1.0
1974-09-09,-9.042334276615776,2.0
1974-10-08,14.90808135370705,2.0
1974-11-06,-12.184529975840976,2.0
1974-12-06,7.568323336178407,1.0
1975-01-08,10.989579891836657,1.0
1975-02-06,6.914284678313919,1.0
1975-03-10,-3.6161961872201833,1.0
1975-04-09,9.840694853417439,1.0
1975-05-08,4.050520372493466,1.0
1975-06-09,1.2897862103567397,1.0
1975-07-09,-7.614300972322127,1.0
1975-08-07,-0.402294575274244,1.0
1975-09-08,1.8080294914838801,1.0
1975-10-07,2.189983587066002,1.0
1975-11-05,-0.4199020990796445,0.0
1975-12-05,6.601447598349788,0.0
1976-01-07,8.899272799091,0.0
1976-02-05,-2.4303997576993863,0.0
1976-03-08,4.65017702366705,0.0
1976-04-06,-2.2483896776007595,0.0
1976-05-06,-1.3955622522011015,0.0
1976-06-07,4.595207979765427,0.0
1976-07-07,1.151390590594096,0.0
1976-08-05,-0.18987003814654546,0.0
1976-09-03,0.41391922343433624,0.0
1976-10-05,-1.6847522341383194,0.0
1976-11-04,1.1723444634042277,0.0
1976-12-06,3.1522774942214133,0.0
1977-01-05,-2.832590588273,0.0
1977-02-03,-0.7582378776660186,0.0
1977-03-07,-2.612016502919288,0.0
1977-04-05,2.123341567391681,0.0
1977-05-05,-1.8948361145141628,0.0
1977-06-06,2.771524646565292,0.0
1977-07-06,-0.9872137682504725,0.0
1977-08-05,-0.9359019091238743,0.0
1977-09-06,-1.0576250455866596,0.0
1977-10-05,-5.223402688959095,0.0
1977-11-03,4.681726170014199,0.0
1977-12-05,-0.7571519298153897,0.0
1978-01-05,-3.2034105102293977,0.0
1978-02-03,-3.1269459864852713,0.0
1978-03-07,3.5377561558008317,0.0
1978-04-06,7.199682334057463,0.0
1978-05-05,4.493364201018773,0.0
1978-06-06,-5.416081093598494,0.0
1978-07-06,9.709474839424876,0.0
1978-08-04,0.5416833163968675,0.0
1978-09-05,-0.6635971146648261,0.0
1978-10-04,-5.304329065191175,0.0
1978-11-02,-0.13695515721222762,1.0
1978-12-04,2.0365039576868535,1.0
1979-01-04,2.6551255415158788,1.0
1979-02-02,-1.4217182699115734,0.0
1979-03-06,4.768415500457247,0.0
1979-04-04,-0.11991060008797323,0.0
1979-05-04,-1.9921694611818732,0.0
1979-06-05,3.1410825504326034,0.0
1979-07-05,2.345689260387808,0.0
1979-08-03,5.241803836982656,0.0
1979-09-04,0.6290650541623581,0.0
1979-10-03,-6.870349131094187,0.0
1979-11-01,4.598584738829294,1.0
1979-12-03,0.05627672063704914,1.0
1980-01-03,8.09379051903386,1.0
1980-02-01,-0.9896774290823868,1.0
1980-03-04,-9.019487984363868,1.0
1980-04-02,3.639796404276482,1.0
1980-05-02,5.331799274861658,1.0
1980-06-03,4.094186207090967,1.0
1980-07-02,6.097011796769472,1.0
1980-08-01,0.9807541904444053,1.0
1980-09-02,2.828211614488347,1.0
1980-10-01,2.335772098735586,1.0
1980-10-30,7.356533916679931,1.0
1980-12-02,-0.6423673206666145,1.0
1981-01-02,-4.237805313051413,1.0
1981-02-02,1.2042042678783897,1.0
1981-03-04,4.887442632430817,1.0
1981-04-02,-2.4427647443347666,1.0
1981-05-04,-1.168422945182198,0.0
1981-06-03,-0.2513661744685445,0.0
1981-07-02,1.2912090253614448,0.0
1981-08-03,-5.937007849903103,0.0
1981-09-01,-5.024064802196745,1.0
1981-10-01,2.9027334008099532,1.0
1981-10-30,6.335503523244052,1.0
1981-12-01,-2.776922288516922,1.0
1981-12-31,-1.0663272465277671,1.0
1982-02-01,-6.052466165582843,1.0
1982-03-03,-0.08392430833527095,1.0
1982-04-01,4.412497990507021,1.0
1982-05-03,-3.628841198902281,0.0
1982-06-02,-1.3010103940927285,0.0
1982-07-01,-1.8057899490497373,0.0
1982-08-02,9.81465207462011,0.0
1982-08-31,3.7064033617572223,1.0
1982-09-30,9.776290322386224,1.0
1982-10-29,0.8621689505920793,1.0
1982-11-30,5.512722614725899,1.0
1982-12-30,2.535718083338387,1.0
1983-01-28,2.982303268767031,1.0
1983-03-01,2.736462582482935,1.0
1983-03-30,7.576658309534448,1.0
1983-04-29,1.2726689973419414,1.0
1983-05-31,1.0538151423821556,1.0
1983-06-29,-0.04198664624043702,1.0
1983-07-29,-1.4147857914956181,1.0
1983-08-29,4.132972663374614,0.0
1983-09-28,-1.474943523100141,0.0
1983-10-27,1.4226166887397786,0.0
1983-11-28,-1.069598005875713,0.0
1983-12-28,0.07391790402109488,0.0
1984-01-27,-2.6378727100408774,0.0
1984-02-28,-0.8542473585732768,0.0
1984-03-28,2.2794577227992496,0.0
1984-04-27,-5.122628583969173,0.0
1984-05-29,1.117343857453927,0.0
1984-06-27,-1.3697695152005975,0.0
1984-07-27,11.26127686228556,0.0
1984-08-27,-0.8089899447450458,1.0
1984-09-26,1.3256364465041335,0.0
1984-10-25,0.20877930777232678,0.0
1984-11-26,0.28095241573780916,0.0
1984-12-26,6.216667044330839,0.0
1985-01-25,1.8242701925020983,0.0
1985-02-26,-0.056746423198749896,0.0
1985-03-27,3.090454616638764,0.0
1985-04-26,2.9235783028933575,0.0
1985-05-28,1.0917335224709865,0.0
1985-06-26,1.540141577360946,0.0
1985-07-26,-2.2368080205253222,0.0
1985-08-26,-2.1113621246693404,0.0
1985-09-25,3.5173597921301543,0.0
1985-10-25,6.979091699527628,0.0
1985-11-25,3.030839802104284,0.0
1985-12-26,0.0070928440827617845,0.0
1986-01-27,8.365832527220302,0.0
1986-02-26,6.11867383185303,0.0
1986-03-27,2.360077164570967,0.0
1986-04-28,1.2831211485517553,1.0
1986-05-28,1.9637782858606139,1.0
1986-06-26,-3.2834651780419786,1.0
1986-07-28,3.368089242621835,1.0
1986-08-26,-4.447417847116764,1.0
1986-09-25,1.5373166939831853,1.0
1986-10-24,2.9719120647242647,1.0
1986-11-24,0.45607063890689925,1.0
1986-12-24,9.47905770990898,1.0
1987-01-26,4.869390442535227,1.0
1987-02-25,6.2234352600934475,1.0
1987-03-26,-6.220631759364185,1.0
1987-04-27,2.906031681121319,1.0
1987-05-27,6.159572296197689,1.0
1987-06-25,1.0106457720289883,0.0
1987-07-27,7.683447494153115,0.0
1987-08-25,-3.4661352153470597,0.0
1987-09-24,-25.464254301443006,1.0
1987-10-23,-2.2485776858872484,2.0
1987-11-23,3.5166878759390077,2.0
1987-12-23,-1.0694286850629686,2.0
1988-01-25,7.515528193856523,2.0
1988-02-24,1.7275774298037936,1.0
1988-03-24,-2.994288652130881,1.0
1988-04-25,-3.2997344811078655,1.0
1988-05-24,9.685619400431321,1.0
1988-06-23,-4.210509101965608,1.0
1988-07-25,-2.1907883394452456,1.0
1988-08-23,5.260338928424123,1.0
1988-09-22,4.882994995399994,0.0
1988-10-21,-5.654525977274987,0.0
1988-11-21,4.314097841545606,0.0
1988-12-21,3.552284320631689,0.0
1989-01-23,3.4936913853433555,0.0
1989-02-22,-1.5905242334001837,0.0
1989-03-23,6.678318038405339,0.0
1989-04-24,4.197675121991999,0.0
1989-05-23,-0.17631705048849264,0.0
1989-06-22,4.966651799357325,0.0
1989-07-24,1.6702277335455706,0.0
1989-08-22,1.939596558613149,0.0
1989-09-21,0.45196854800006236,0.0
1989-10-20,-1.3326711062896597,1.0
1989-11-20,0.48645497207285254,1.0
1989-12-20,-0.6877714136605875,1.0
1990-01-22,-3.0429356832197167,1.0
1990-02-21,3.781351370581768,0.0
1990-03-22,-1.0514179263170522,0.0
1990-04-23,6.8762456062215245,0.0
1990-05-22,0.5761036902362296,0.0
1990-06-21,0.9413098254485472,0.0
1990-07-23,-9.301157042573845,1.0
1990-08-21,-3.3912302099233296,1.0
1990-09-20,-3.158192775701537,1.0
1990-10-19,3.9573159518385594,1.0
1990-11-19,4.272582790170803,1.0
1990-12-19,0.9676763782479656,1.0
1991-01-21,10.859115672142556,1.0
1991-02-20,-0.13333632662441525,1.0
1991-03-21,4.585934674347595,1.0
1991-04-22,-2.8764339688490814,1.0
1991-05-21,1.0103890638186788,1.0
1991-06-20,2.659901728871951,0.0
1991-07-22,-1.7669986014606671,0.0
1991-08-20,2.986678509587966,0.0
1991-09-19,1.518531261782004,0.0
1991-10-18,-2.1440933063420418,0.0
1991-11-18,0.2823251495052383,0.0
1991-12-18,9.253441485475413,0.0
1992-01-20,-2.5272454683562553,0.0
1992-02-19,0.675600667510739,0.0
1992-03-19,1.9183449811870157,0.0
1992-04-20,-0.5187162455400135,0.0
1992-05-19,-2.310550970660496,0.0
1992-06-18,3.5123183463121967,0.0
1992-07-20,1.4649800966516704,0.0
1992-08-18,0.04912242288115078,0.0
1992-09-17,-2.2593492821608994,0.0
1992-10-16,3.3043160687123425,0.0
1992-11-16,2.582282043846742,0.0
1992-12-16,1.2764875431720837,0.0
1993-01-18,-0.5853154318165181,0.0
1993-02-17,3.5393063514618497,0.0
1993-03-18,0.2718918089553106,0.0
1993-04-19,-1.746047104916181,0.0
1993-05-18,1.9700913373422546,0.0
1993-06-17,0.0935711540334952,0.0
1993-07-19,1.3948546259102828,0.0
1993-08-17,2.187789707016937,0.0
1993-09-16,1.5695921111473605,0.0
1993-10-15,-0.46061539742037366,0.0
1993-11-15,-0.1263528033092126,0.0
1993-12-15,2.089555933667734,0.0
1994-01-14,-0.12457483594724367,0.0
1994-02-14,-0.5902237921316703,0.0
1994-03-16,-4.405600708990842,0.0
1994-04-15,-0.1323769817776413,0.0
1994-05-17,3.99738946731553,0.0
1994-06-16,-1.4075586296247196,0.0
1994-07-18,2.0185586987706046,0.0
1994-08-16,1.5809618726951589,0.0
1994-09-15,0.18631902519604127,0.0
1994-10-14,-0.9304669643155247,0.0
1994-11-14,-1.9299165805759688,0.0
1994-12-14,3.4399149887416116,0.0
1995-01-16,3.458342351467236,0.0
1995-02-14,2.2750942020235834,0.0
1995-03-16,3.717614080258629,0.0
1995-04-17,3.701473112217414,0.0
1995-05-16,1.6742804704908658,0.0
1995-06-15,4.515163101601444,0.0
1995-07-17,0.2028799104580613,0.0
1995-08-15,3.6416031502462562,0.0
1995-09-14,0.8891274482801532,0.0
1995-10-13,1.8621419342516823,0.0
1995-11-13,4.448431836089797,0.0
1995-12-13,-2.658532193760366,0.0
1996-01-15,9.645011799324124,0.0
1996-02-13,-3.2970943370917944,0.0
1996-03-14,-0.2565417073645624,1.0
1996-04-15,4.068441804546099,1.0
1996-05-14,1.2946239181170538,1.0
1996-06-13,-3.499994380305262,1.0
1996-07-15,3.269634436449504,1.0
1996-08-13,0.5452293574156748,1.0
1996-09-12,4.0219499872061535,0.0
1996-10-11,5.564769061259705,0.0
1996-11-11,2.196969454481735,0.0
1996-12-11,1.976424304976379,0.0
1997-01-13,3.0401694202146334,1.0
1997-02-11,2.602352487504258,1.0
1997-03-13,-8.917429823864135,1.0
1997-04-14,13.53117711287764,1.0
1997-05-13,3.8396865211332813,1.0
1997-06-12,5.4250016109659525,1.0
1997-07-14,2.463066586590841,1.0
1997-08-12,-2.5836011549220483,1.0
1997-09-11,6.201288341784936,1.0
1997-10-10,-4.431379871329151,1.0
1997-11-10,5.375636007317257,2.0
1997-12-10,-5.635049627056443,1.0
1998-01-12,10.231960484873397,1.0
1998-02-11,5.014861698905976,1.0
1998-03-13,3.3839680355567276,1.0
1998-04-14,0.961595731479503,1.0
1998-05-13,-2.2794306623677167,1.0
1998-06-12,6.609541598099452,1.0
1998-07-14,-8.61522650145848,1.0
1998-08-12,-8.152429491908933,1.0
1998-09-11,0.3901043107609561,2.0
1998-10-12,13.985450440626096,2.0
1998-11-10,4.589635206283712,1.0
1998-12-10,6.790120883951498,1.0
1999-01-12,-3.3830764352910196,1.0
1999-02-11,5.6214463633076805,1.0
1999-03-15,4.833699128102992,1.0
1999-04-14,0.9722881147580145,1.0
1999-05-13,-5.198438972088377,1.0
1999-06-14,7.416611147405707,1.0
1999-07-14,-6.787375852558957,1.0
1999-08-12,4.2598566394522495,1.0
1999-09-13,-1.360660492253515,1.0
1999-10-12,2.2619189203366354,1.0
1999-11-10,3.390387628594517,1.0
1999-12-10,3.6192278335599646,1.0
2000-01-11,-3.448633890249201,1.0
2000-02-10,-0.8138589090987847,1.0
2000-03-13,7.630831837151944,1.0
2000-04-11,-8.80060559437733,1.0
2000-05-11,5.958430384182447,2.0
2000-06-12,1.3054884873206392,1.0
2000-07-12,-0.47840206996186435,1.0
2000-08-10,1.605884679806,1.0
2000-09-11,-6.509571095892265,1.0
2000-10-10,2.6511918153300886,1.0
2000-11-08,-7.272578542791064,2.0
2000-12-08,-2.5724795583136006,2.0
2001-01-10,2.499814861221894,2.0
2001-02-09,-11.980935145690303,2.0
2001-03-13,-0.9365990043512988,2.0
2001-04-11,7.73410523734661,2.0
2001-05-11,0.07133776252613344,1.0
2001-06-12,-6.025734924405852,1.0
2001-07-12,0.42935303963522353,1.0
2001-08-10,-7.710067508378826,1.0
2001-09-17,-0.2973638631612424,1.0
2001-10-16,4.699359337052778,1.0
2001-11-14,-2.18981738052339,1.0
2001-12-14,3.0690909635062784,1.0
2002-01-16,-2.71223611458165,1.0
2002-02-15,4.322694777297515,1.0
2002-03-19,-3.2236779661535984,1.0
2002-04-18,-2.3207161176486286,1.0
2002-05-17,-5.812467571098919,1.0
2002-06-18,-13.391358329887076,1.0
2002-07-18,3.004185335524746,2.0
2002-08-16,-3.9295840533340214,2.0
2002-09-17,-0.87755277334686,2.0
2002-10-16,0.40169312895767556,2.0
2002-11-14,0.3329973094505789,1.0
2002-12-16,3.858785574800091,1.0
2003-01-16,-9.344694823603188,1.0
2003-02-18,3.671359709781684,1.0
2003-03-19,1.4960735220497496,1.0
2003-04-17,7.241235155579501,1.0
2003-05-19,6.920488145980757,1.0
2003-06-18,-2.7882303581307237,1.0
2003-07-18,1.1385140018332895,1.0
2003-08-18,3.905990806218269,1.0
2003-09-17,1.745104464023435,0.0
2003-10-16,1.3043190089579002,0.0
2003-11-14,1.166976167600656,0.0
2003-12-16,6.064799996252627,0.0
2004-01-16,2.0866541440613844,0.0
2004-02-18,-2.7234016330648565,0.0
2004-03-18,1.0591263249315865,0.0
2004-04-19,-4.236233828409005,0.0
2004-05-18,4.25198429113894,0.0
2004-06-18,-2.8332799684783354,0.0
2004-07-20,-1.2059100773065419,0.0
2004-08-18,3.8182699396242428,0.0
2004-09-17,-1.2542921845958515,0.0
2004-10-18,6.80128016333627,0.0
2004-11-16,1.8024943923557075,0.0
2004-12-16,-1.725969960192303,0.0
2005-01-18,2.422654455095835,0.0
2005-02-16,-1.4641372341015646,0.0
2005-03-18,-3.755781397309393,0.0
2005-04-19,2.6622800455286066,0.0
2005-05-18,3.2050555813656656,0.0
2005-06-17,1.1883497991049603,0.0
2005-07-19,-0.10661498432926875,0.0
2005-08-17,0.7740994904237626,0.0
2005-09-16,-3.27624376916868,0.0
2005-10-17,4.151053408119629,0.0
2005-11-15,3.284494682775057,0.0
2005-12-15,0.9440481831331811,0.0
2006-01-18,-0.09348101021654515,0.0
2006-02-16,2.2748520112632415,0.0
2006-03-20,0.06910402484541067,0.0
2006-04-19,-2.982046356588942,0.0
2006-05-18,-1.2970303831606111,0.0
2006-06-19,-0.5391444397521878,0.0
2006-07-19,4.526304167193105,0.0
2006-08-17,2.1734160951955657,0.0
2006-09-18,3.6392045970703855,0.0
2006-10-17,2.019075500996471,0.0
2006-11-15,2.483765157049369,0.0
2006-12-15,0.15712145774696995,0.0
2007-01-19,2.2211621975669473,0.0
2007-02-20,-2.915806322459578,0.0
2007-03-21,4.3527441903566295,1.0
2007-04-20,3.6033792644170735,0.0
2007-05-21,0.8602540865983073,0.0
2007-06-20,1.1754283415732778,0.0
2007-07-20,-6.9065866587452085,0.0
2007-08-20,5.224908380748646,1.0
2007-09-19,1.6469246301018718,1.0
2007-10-18,-5.80447723799065,1.0
2007-11-16,-0.3155711435090449,1.0
2007-12-18,-7.833943447119818,1.0
2008-01-18,1.562101494942359,1.0
2008-02-20,-3.9047335214004844,1.0
2008-03-20,6.5659913057365955,1.0
2008-04-21,3.254698905178318,1.0
2008-05-20,-6.34115139124841,1.0
2008-06-19,-5.842842874935821,1.0
2008-07-21,1.9027996489816859,1.0
2008-08-19,-9.615832993078925,1.0
2008-09-18,-21.235933518716944,2.0
2008-10-17,-7.923504786764796,2.0
2008-11-17,5.903117227092315,2.0
2008-12-17,-6.892383897735193,2.0
2009-01-20,-7.345030112718067,2.0
2009-02-19,-0.10606370241298202,2.0
2009-03-20,6.269061270906273,2.0
2009-04-21,8.824782446661501,2.0
2009-05-20,1.2078396776644238,2.0
2009-06-19,3.6760191349899634,1.0
2009-07-21,4.086278346233762,1.0
2009-08-19,7.837297645973999,1.0
2009-09-18,2.0845733640359625,1.0
2009-10-19,2.1160784868719347,1.0
2009-11-17,0.28623827376069244,1.0
2009-12-17,3.666925170935494,1.0
2010-01-20,-3.6655775949727016,1.0
2010-02-19,4.882476632207577,1.0
2010-03-22,4.154537692887825,0.0
2010-04-21,-7.836554766394916,0.0
2010-05-20,0.455404290370368,1.0
2010-06-21,-2.944055421599342,1.0
2010-07-21,1.2082335606946812,1.0
2010-08-19,2.971198952092414,1.0
2010-09-20,5.026893043351592,1.0
2010-10-19,-0.09363007955055935,0.0
2010-11-17,5.491160841889368,0.0
2010-12-17,4.2278949491039555,0.0
2011-01-19,3.29630889227718,0.0
2011-02-17,-4.216577161228186,0.0
2011-03-21,2.175805719504951,1.0
2011-04-19,2.8768517544334937,0.0
2011-05-19,-5.09353269075087,0.0
2011-06-20,4.3814869363754045,1.0
2011-07-20,-10.349986868501347,1.0
2011-08-18,2.0549223887243606,2.0
2011-09-19,-1.0593478873410787,2.0
2011-10-18,4.758863573231697,2.0
2011-11-16,-3.134238150422348,2.0
2011-12-16,7.433701520164477,2.0
2012-01-19,3.966101303122243,1.0
2012-02-17,3.9117641673728833,0.0
2012-03-20,-1.5952447289150256,0.0
2012-04-19,-5.745721689824707,0.0
2012-05-18,3.1888803760350326,0.0
2012-06-19,2.1936259455388774,1.0
2012-07-19,3.3157245753357847,1.0
2012-08-17,3.298430887158798,0.0
2012-09-18,-0.28033575584841075,0.0
2012-10-17,-6.500018599943201,0.0
2012-11-19,6.398894882922417,0.0
2012-12-19,2.736664452620642,0.0
2013-01-22,2.016811574155907,0.0
2013-02-21,2.427913102820495,0.0
2013-03-22,1.1736330108712678,0.0
2013-04-23,6.814459724128848,0.0
2013-05-22,-4.751555979154173,0.0
2013-06-21,6.677595882886756,0.0
2013-07-23,-2.331962648135973,0.0
2013-08-21,4.252747869962332,0.0
2013-09-20,1.4365844060226616,0.0
2013-10-21,2.851390022906388,0.0
2013-11-19,1.27062532223807,0.0
2013-12-19,1.9019763925317683,0.0
2014-01-22,-0.03556968346001699,0.0
2014-02-21,1.583981626696752,0.0
2014-03-24,0.9114038999038421,0.0
2014-04-23,0.6656650354744442,0.0
2014-05-22,4.02215842459836,0.0
2014-06-23,1.1546839803078264,0.0
2014-07-23,0.37048499745433183,0.0
2014-08-21,1.3655877710301134,0.0
2014-09-22,-5.313052754092133,0.0
2014-10-21,7.7166001773945725,1.0
2014-11-19,0.6044838909386845,1.0
2014-12-19,-1.2496227877306143,1.0
2015-01-22,3.947354287467729,1.0
2015-02-23,-0.1394604017716899,0.0
2015-03-24,0.307424930209251,0.0
2015-04-23,1.3612493526540812,0.0
2015-05-22,-0.2616449815181491,0.0
2015-06-23,-0.27569116998063004,0.0
2015-07-23,-3.4983701426410505,0.0
2015-08-21,-3.245715143400396,1.0
2015-09-22,3.3469291832589327,1.0
2015-10-21,2.7372497173642234,1.0
2015-11-19,-3.6506424440163308,1.0
2015-12-21,-6.888884891366369,1.0
2016-01-22,4.249981137984661,1.0
2016-02-23,5.419156882453031,1.0
2016-03-23,2.140805606406918,0.0
2016-04-22,-1.6714496054080366,0.0
2016-05-23,1.9540908541131534,0.0
2016-06-22,3.695502329558005,0.0
2016-07-22,1.05200976448562,1.0
2016-08-22,-1.8569657831311286,0.0
2016-09-21,0.410025678116675,0.0
2016-10-20,2.1821193105748122,0.0
2016-11-18,3.539365017887276,0.0
2016-12-20,0.5429555632599383,0.0
2017-01-23,4.2180528921155265,0.0
2017-02-22,-0.49610733384558003,0.0
2017-03-23,0.14010610564774495,0.0
2017-04-24,2.087631790883704,0.0
2017-05-23,1.9161521730608804,0.0
2017-06-22,1.612543067438989,0.0
2017-07-24,-1.6173740702508228,0.0
2017-08-22,3.4071791857028115,0.0
2017-09-21,2.2734571387957425,0.0
2017-10-20,0.8138726828414264,0.0
2017-11-20,4.060462270897658,0.0
2017-12-20,5.654426997020775,0.0
2018-01-23,-4.566483241421309,0.0
2018-02-22,-1.9838028395492213,1.0
2018-03-23,1.1017267696602986,1.0
2018-04-24,2.248399662339777,1.0
2018-05-23,1.0524715690748936,0.0
2018-06-22,2.1578669077170063,0.0
2018-07-24,2.175495157478665,0.0
2018-08-22,2.50489154453806,0.0
2018-09-21,-5.624557640302453,0.0
2018-10-22,-2.6144340214651702,1.0
2018-11-20,-8.492762198667874,1.0
2018-12-21,6.965962409277564,1.0
2019-01-24,5.808022858052114,1.0
2019-02-25,0.40942705065906065,0.0
2019-03-26,4.626460030195209,0.0
2019-04-25,-3.5058876996002706,0.0
2019-05-24,4.488728040815306,0.0
2019-06-25,2.6295116721754845,0.0
2019-07-25,-3.0506200342665153,0.0
2019-08-23,2.451861051262536,1.0
2019-09-24,0.27578240546416166,0.0
2019-10-23,3.8654676793929976,0.0
2019-11-21,3.650831431018412,0.0
2019-12-23,3.3770216249091587,0.0
2020-01-24,-2.8357334658925613,0.0
2020-02-25,-27.597221072826578,1.0
2020-03-25,13.78982085028041,2.0
2020-04-24,5.704583644086326,2.0
2020-05-26,5.91930835207393,2.0
2020-06-24,3.444367167150239,2.0
2020-07-24,4.996512289413506,1.0
2020-08-24,-2.3292761291513817,1.0
2020-09-23,3.702024946757587,1.0
2020-10-22,4.3053903321333005,1.0
2020-11-20,3.2133413043481016,1.0
2020-12-22,4.009779485831339,1.0
2021-01-25,1.2072933054764587,1.0
2021-02-24,0.34057381457978053,1.0
2021-03-25,7.2773545302654234,1.0
2021-04-26,0.5892770411423784,0.0
2021-05-25,1.1538762482414315,0.0
2021-06-24,4.029084979008921,0.0
2021-07-26,1.6580416000874456,0.0
2021-08-24,-1.7931834283926429,0.0
2021-09-23,3.5373102487433212,0.0
2021-10-22,3.3253119254482266,0.0
2021-11-22,-0.8887010079479252,0.0
2021-12-22,-5.560442564964325,1.0
2022-01-24,-1.9309709278944351,1.0
2022-02-23,3.573621367810641,1.0
2022-03-24,-4.076186335095129,1.0
2022-04-25,-7.071945601665806,1.0
2022-05-24,-4.430212852938551,2.0
2022-06-24,4.535343602512998,2.0
2022-07-26,4.162334007322135,1.0
2022-08-24,-9.281761776381977,1.0
2022-09-23,0.026580008575551428,1.0
2022-10-24,5.28949157495518,1.0
2022-11-22,-1.6698254751073103,1.0
2022-12-22,3.5609996480730013,1.0
2023-01-25,0.12275147385714535,1.0
2023-02-24,-0.8396980458569256,1.0
2023-03-27,2.584614088569349,1.0
2023-04-26,1.234069089539713,0.0
2023-05-25,5.211604362004475,0.0
2023-06-27,5.436776683180325,0.0
2023-07-27,-4.165731464350162,0.0
2023-08-25,-0.708041193587474,0.0
2023-09-26,-2.001859345660341,0.0
2023-10-25,7.155942659678894,0.0
2023-11-24,4.425890316954242,0.0
2023-12-26,2.9986866051167005,0.0
2024-01-26,3.6218644100160327,0.0
2024-02-27,2.822295397752747,0.0
2024-03-27,-2.989501193239516,0.0
2024-04-26,5.033455652484498,0.0
2024-05-28,3.3205183993840612,0.0
2024-06-27,-0.18846334793275266,0.0
2024-07-29,2.9667405406452185,1.0
2024-08-27,1.9505767483739924,1.0
2024-09-26,1.6089056799595496,1.0
2024-10-25,2.777993067832458,1.0
2024-11-25,1.307394173344887,1.0
2024-12-26,0.5419509633118876,1.0
2025-01-29,-3.2658566387954098,1.0
2025-02-28,-4.845992642954593,1.0
2025-03-31,-0.23356603168580792,1.0
2025-04-30,6.254366188126835,2.0
2025-05-30,4.907606239432476,1.0
2025-07-01,2.6607184911317945,0.0
2025-07-31,2.2613866605159756,0.0
2025-08-29,2.5324468562839972,0.0
2025-09-30,3.470014200709717,0.0
2025-10-29,-4.158490888643432,0.0
